-- phpMyAdmin SQL Dump
-- version 4.5.1
-- http://www.phpmyadmin.net
--
-- Host: 127.0.0.1
-- Generation Time: Mar 21, 2016 at 10:29 AM
-- Server version: 10.1.8-MariaDB
-- PHP Version: 5.5.30

SET SQL_MODE = "NO_AUTO_VALUE_ON_ZERO";
SET time_zone = "+00:00";


/*!40101 SET @OLD_CHARACTER_SET_CLIENT=@@CHARACTER_SET_CLIENT */;
/*!40101 SET @OLD_CHARACTER_SET_RESULTS=@@CHARACTER_SET_RESULTS */;
/*!40101 SET @OLD_COLLATION_CONNECTION=@@COLLATION_CONNECTION */;
/*!40101 SET NAMES utf8mb4 */;

--
-- Database: `sne_db`
--

-- --------------------------------------------------------

--
-- Table structure for table `agent`
--

CREATE TABLE `agent` (
  `AgentID` varchar(13) NOT NULL,
  `AgentName` varchar(50) NOT NULL,
  `AgentAddress` varchar(100) DEFAULT NULL,
  `AgentTel` int(10) DEFAULT NULL,
  `EmID` varchar(13) NOT NULL
) ENGINE=InnoDB DEFAULT CHARSET=utf8;

--
-- Dumping data for table `agent`
--

INSERT INTO `agent` (`AgentID`, `AgentName`, `AgentAddress`, `AgentTel`, `EmID`) VALUES
('1409900966117', 'นายนิมิต  เนตรสว่าง', '351 ต.ห้วยส้ม อ.ภูกระดึง จ.เลย', 555555, '0000000000001'),
('1521200035872', 'นางสาวจันทร์นิภา  เตชะอุ่น', '42/1 หมู่1 ต.แม่สัน อ.ห้างฉัตร จ.ลำปาง', 0, '0000000000000'),
('1560100012551', 'นายณัฐวุฒิ  รำไพ', '72 ม.5 ต.ดงเจน อ.ภูกามยาว จ.พะเยา 56000', 0, '3560100562264'),
('1560200004267', 'นางสาววิลาวรรณ  เอียวงศ์', '124 หมู่ 1 ต.ห้วยยางขาม อ.จุน จ.พเยา ', 0, '1560290001645'),
('3120200305445', 'นายสุทิน  เคหะสถาน', '326 ซอยจรัญสนิทวงศ์65 แขวงบางบำหรุ เขตบางพลัด กรุงเทพ', 0, '2560100012924'),
('3301500136281', 'นางสาวศิริขวัญ  ทีพลกรัง', '183/1 ม.1 ตงสัมฤทธิ์ อ.พิมาย จ.นครราชสีมา', 0, '5300190035411'),
('3330100387235', 'นางสาวนันทนา  ชัยชนะ', '39/429 หมู่1 แขวงแสมดำ เขตบางขุนเทียน กรุงเทพ\r\n10150\r\n', 0, '3330100374745'),
('333333333', '3333', '3333', 3333, '1560290001645'),
('3341300178592', 'นายถาวร  ยอดหอ', '165 หมู่13 ต.ห้วย อ.ปทุมราชวงศา จ.อำนาจเจริญ', 0, '5300190035411'),
('3400200026888', 'นายรุกูล  ค่าเอ่น', '102 หมู่2 ต.บ้านฝาง อ.บ้านฝาง จ.ขอนแก่น', 0, '0000000000001'),
('3421000174825', 'นายชินภัทร  สมพงษ์พันธ์', '83/1 ต.ห้วยส้ม อ.ภูกระดึง จ.เลย', 0, '0000000000001'),
('3421000333117', 'นายสราวุฒิ  พหุนันท์', '20 หมู่2 ต.ผานกเค้า อ.ภูกระดึง จงเลย', 0, '0000000000001'),
('3450700414411', 'นายพลตรี  นาคศรี', '69 ม.3 ต.โคกกกม่วง อ.โพนทอง จ.ร้อยเอ็ด', 0, ''),
('3480200118618', 'นางมะลิวรรณ  บุดดา', '135 ม.13 ต.หนองฮี อ.ปลาปาก จ.นครพนม', 0, '3530700072560'),
('3510100816487', 'นายวัชระ  จันทร์แจ่ม', '164 ม.8 ต.มะเขือแจ้ อ.เมือง จ.ลำพูน', 0, '0000000000000'),
('3521200478436', 'นางสาวพัชรทร  ด้วงจันตา', '162/4 หมู่6 ต.ห้วงฉัตร อ.ห้างฉัตร จ.ลำปาง', 0, '0000000000000'),
('3560100677347', 'นายนิภัทธ์  เผ่าน้อย', '63 ต.ห้วยแก้ว อ.ภูกามยาว จ.พะเยา 56000', 0, '3560100562264'),
('3560100725902', 'นายสำเริง  อ้อยกาม', '45 หมู่8 ต.บ้านต๋อม อ.เมือง จ.พะเยา', 0, '0000000000000'),
('3560200390708', 'นายสุรถี  คันทะวี', '48 หมู่9 ต.ห้วยข้าวกำ่ อ.จุน จ.พะเยา', 0, '0000000000000'),
('3569900010566', 'นายพิพัฒน์  ศรีสุริยะธาดา', '7 ต.ท่าวังทอง อ.เมือง จ.พะเยา 56000', 0, '3560100562264'),
('3569900014197', 'นายเมธวิน  เสมอเชื้อ', '99 ต.ป่าแดด อ.ป่าแดด จ.เชียงราย', 0, '0000000000000'),
('3569900020529', 'นายมงคล  ทองทิพย์', '579 ถ.พหลโยธิน ต.เวียง อ.เมือง จ.พะเยา 56000', 0, '3560100562264'),
('3609700296473', 'นายทวีวัฒน์  ยังจรุญ', '59/362 หมู่6 ต.ลาดสวาย อ.ลำลูกกา จ.ปทุมธานี', 0, '3609700296465'),
('5521200021581', 'นายดนัย  ทราบคำปวน', '162/1 หมู่6 ต.ห้างฉัตร อ.ห้างฉัตร จ.ลำปาง', 0, '0000000000000'),
('5560100014328', 'นายสุรชาติ  เมืองคำ', '170 ต.ท่าวังทอง อ.เมือง จ.พะเยา 56000', 0, '3560100562264');

-- --------------------------------------------------------

--
-- Table structure for table `drawmoney`
--

CREATE TABLE `drawmoney` (
  `DrawID` varchar(10) NOT NULL,
  `DrawDate` date NOT NULL,
  `SentAt` varchar(3) NOT NULL,
  `SiteCode` varchar(10) NOT NULL,
  `ExpensesID` varchar(5) NOT NULL,
  `Draw` int(11) NOT NULL,
  `DrawTax` int(11) NOT NULL,
  `DrawNote` varchar(50) NOT NULL,
  `postatus` int(11) NOT NULL,
  `transtatus` int(11) NOT NULL,
  `poID` varchar(10) NOT NULL,
  `SiteTypeID` varchar(10) NOT NULL,
  `empID` varchar(13) NOT NULL
) ENGINE=InnoDB DEFAULT CHARSET=utf8;

--
-- Dumping data for table `drawmoney`
--

INSERT INTO `drawmoney` (`DrawID`, `DrawDate`, `SentAt`, `SiteCode`, `ExpensesID`, `Draw`, `DrawTax`, `DrawNote`, `postatus`, `transtatus`, `poID`, `SiteTypeID`, `empID`) VALUES
('DW003', '2558-02-10', 'ens', 'WCYPU', 'EX003', 5000, 150, '50%แรก', 1, 1, '1407110009', 'ST003', '3330100374745'),
('DW004', '2558-02-10', '', 'WSTST', 'EX003', 5000, 150, '50%แรก', 0, 1, '', 'ST003', '3330100374745'),
('DW005', '2558-02-26', 'ens', 'WATUM', 'EX003', 5000, 150, '50%แรก', 0, 1, '', 'ST003', '3330100374745'),
('DW006', '2558-02-26', 'ens', 'WTAMI', 'EX003', 5000, 150, '50%แรก', 0, 1, '', 'ST010', '3330100374745'),
('DW007', '2558-02-26', 'ens', 'PRAIP', 'EX003', 5000, 150, '50%แรก', 0, 1, '', 'ST010', '3330100374745'),
('DW008', '2558-03-26', '', '', 'EX007', 20000, 0, 'UIH', 0, 1, '', '', ''),
('DW009', '2558-04-10', '', '', 'EX007', 20000, 0, 'UIH', 0, 1, '', '', ''),
('DW010', '2558-04-23', '', '', 'EX003', 15000, 450, 'ติดตั้ง Battery Colight หาดใหญ่ ', 0, 1, '', '', ''),
('DW011', '2558-05-01', '', '', 'EX003', 10000, 300, 'ติดตั้ง Battery Colight หาดใหญ่ ', 0, 1, '', '', ''),
('DW012', '2558-05-11', '', '', 'EX002', 1860, 0, 'UIH', 0, 1, '', '', ''),
('DW013', '2558-05-11', '', 'WPKBN', 'EX003', 5000, 150, '50%แรก', 1, 1, '1407110001', 'ST010', '3330100374745'),
('DW014', '2558-05-11', '', 'TROPH', 'EX003', 5000, 150, '50%แรก', 0, 1, '', 'ST010', '3330100374745'),
('DW015', '2558-05-11', '', 'JPKYI', 'EX003', 5000, 150, '50%แรก', 0, 1, '', 'ST010', '3330100374745'),
('DW016', '2558-05-11', '', 'CTUNG', 'EX003', 5000, 150, '50%แรก', 0, 1, '', 'ST003', '3330100374745'),
('DW017', '2558-06-22', '', '', 'EX002', 3200, 0, 'ีUIH', 0, 1, '', '', ''),
('DW018', '2558-06-03', '', 'WTAMI', 'EX003', 4500, 135, '50%หลัง', 0, 1, '', 'ST010', '3330100374745'),
('DW019', '2558-06-03', '', 'TNWNB ', 'EX003', 4500, 135, '50%หลัง', 0, 1, '', 'ST010', '3330100374745'),
('DW020', '2558-06-03', '', 'ONGJU ', 'EX003', 4500, 135, '50%หลัง', 0, 1, '', 'ST010', '3330100374745'),
('DW021', '2558-06-03', '', 'PN3R9', 'EX003', 4500, 135, '50%หลัง', 0, 1, '', 'ST010', '3330100374745'),
('DW022', '2558-06-03', '', 'WATUM', 'EX003', 4500, 135, '50%หลัง', 0, 1, '', 'ST003', '3330100374745'),
('DW023', '2558-06-10', '', 'NGKAS', 'EX003', 5000, 150, '50%แรก', 0, 1, '', 'ST010', '3330100374745'),
('DW024', '2558-06-10', '', 'TRKTM', 'EX003', 5000, 150, '50%แรก', 0, 1, '', 'ST010', '3330100374745'),
('DW025', '2558-06-10', '', 'WANDA', 'EX003', 5000, 150, '50%แรก', 1, 1, '1407110001', 'ST003', '3330100374745'),
('DW026', '2558-06-10', '', 'NGARK', 'EX003', 5000, 150, '50%แรก', 0, 1, '', 'ST003', '3330100374745'),
('DW027', '2558-06-30', '', 'PTCBM', 'EX003', 5000, 150, '50%แรก', 0, 1, '', 'ST004', '3330100374745'),
('DW028', '2558-06-30', '', 'DPUCM', 'EX003', 5000, 150, '50%แรก', 0, 1, '', 'ST004', '3330100374745'),
('DW029', '2558-06-30', '', 'KNCKM', 'EX003', 5000, 150, '50%แรก', 1, 1, '1407110001', 'ST004', '3330100374745'),
('DW030', '2558-06-30', '', 'KCLRM', 'EX003', 5000, 150, '50%แรก', 0, 1, '', 'ST004', '3330100374745'),
('DW031', '2558-06-30', '', 'CK37M', 'EX003', 5000, 150, '50%แรก', 0, 1, '', 'ST004', '3330100374745'),
('DW032', '2558-06-30', '', 'ST25M', 'EX003', 5000, 150, '50%แรก', 0, 1, '', 'ST004', '3330100374745'),
('DW033', '2558-07-13', '', 'WPKBN', 'EX003', 4500, 135, '50%หลัง', 0, 1, '', 'ST010', '3330100374745'),
('DW034', '2558-07-13', '', 'TRKTM', 'EX003', 4500, 135, '50%หลัง', 0, 1, '', 'ST010', '3330100374745'),
('DW035', '2558-07-13', '', 'CTUNG', 'EX003', 4500, 135, '50%หลัง', 0, 1, '', 'ST003', '3330100374745'),
('DW036', '2558-07-13', '', 'NGARK', 'EX003', 4500, 135, '50%หลัง', 0, 1, '', 'ST003', '3330100374745'),
('DW037', '2558-07-13', '', 'LCPNM', 'EX003', 5000, 150, '50%แรก', 0, 1, '', 'ST004', '3330100374745'),
('DW038', '2558-07-13', '', 'CHTUM', 'EX003', 5000, 150, '50%แรก', 0, 1, '', 'ST004', '3330100374745'),
('DW039', '2558-07-13', '', 'SWBBM', 'EX003', 5000, 150, '50%แรก', 0, 1, '', 'ST004', '3330100374745'),
('DW040', '2558-07-13', '', 'RUYDM', 'EX003', 5000, 150, '50%แรก', 0, 1, '', 'ST004', '3330100374745'),
('DW041', '2558-07-13', '', 'ANCKM', 'EX003', 5000, 150, '50%แรก', 0, 1, '', 'ST004', '3330100374745'),
('DW042', '2558-07-13', '', ' NKCIM 	', 'EX003', 5000, 150, '50%แรก', 0, 1, '', 'ST004', '3330100374745'),
('DW043', '2558-07-13', '', 'PS36M', 'EX003', 5000, 150, '50%แรก', 0, 1, '', 'ST004', '3330100374745'),
('DW044', '2558-07-22', '', 'TROPH', 'EX003', 4500, 135, '50%หลัง', 0, 1, '', 'ST010', '3330100374745'),
('DW045', '2558-07-22', '', 'JPKYI', 'EX003', 4500, 135, '50%หลัง', 0, 1, '', 'ST010', '3330100374745'),
('DW046', '2558-07-22', '', 'PRAIP', 'EX003', 4500, 135, '50%หลัง', 0, 1, '', 'ST010', '3330100374745'),
('DW047', '2558-07-22', '', 'NGKAS', 'EX003', 4500, 135, '50%หลัง', 0, 1, '', 'ST010', '3330100374745'),
('DW048', '2558-08-05', '', '', 'EX003', 25000, 750, 'ซ่อมเปลี่ยนกระจก UIH', 0, 1, '', '', ''),
('DW049', '2558-08-25', '', 'LHEAY', 'EX003', 5000, 150, '50%แรก', 0, 1, '', 'ST010', '3330100374745'),
('DW050', '2558-08-25', '', 'BCLWS', 'EX003', 5000, 150, '50%แรก', 0, 1, '', 'ST010', '3330100374745'),
('DW051', '2558-08-25', '', 'BPRAI', 'EX003', 5000, 150, '50%แรก', 1, 1, '1111', 'ST004', '3330100374745'),
('DW052', '2558-08-25', '', 'KATOK', 'EX003', 5000, 150, '50%แรก', 1, 1, '1111', 'ST010', '3330100374745'),
('DW053', '2558-08-25', '', 'BTMKT', 'EX003', 5000, 150, '50%แรก', 0, 1, '', 'ST010', '3330100374745'),
('DW054', '2558-08-25', '', 'TSL30', 'EX003', 5000, 150, '50%แรก', 0, 1, '', 'ST010', '3330100374745'),
('DW055', '2558-08-25', '', 'BNKMS', 'EX003', 5000, 150, '50%แรก', 0, 1, '', 'ST010', '3330100374745'),
('DW056', '2558-08-25', '', 'BGPA', 'EX003', 5000, 150, '50%แรก', 0, 1, '', 'ST003', '3330100374745'),
('DW057', '2558-08-25', '', 'BKJO', 'EX003', 5000, 150, '50%แรก', 0, 1, '', 'ST003', '3330100374745'),
('DW058', '2558-08-25', '', 'BTE1', 'EX003', 5000, 150, '50%แรก', 0, 1, '', 'ST003', '3330100374745'),
('DW059', '2558-08-25', '', 'NAKO', 'EX003', 5000, 150, '50%แรก', 0, 1, '', 'ST003', '3330100374745'),
('DW060', '2558-08-25', '', 'SKI2', 'EX003', 5000, 150, '50%แรก', 0, 1, '', 'ST003', '3330100374745'),
('DW061', '2558-08-25', '', 'SKM1', 'EX003', 5000, 150, '50%แรก', 0, 1, '', 'ST003', '3330100374745'),
('DW062', '2558-08-25', '', 'SVR3', 'EX003', 5000, 150, '50%แรก', 0, 1, '', 'ST003', '3330100374745'),
('DW063', '2558-08-25', '', 'WDDS', 'EX003', 5000, 150, '50%แรก', 1, 1, '1407110001', 'ST003', '3330100374745'),
('DW064', '2558-08-25', '', 'WPWCN', 'EX003', 5000, 150, '50%แรก', 0, 1, '', 'ST003', '3330100374745'),
('DW065', '2558-08-25', '', 'SIM2M', 'EX003', 5000, 150, '50%แรก', 0, 1, '', 'ST004', '3330100374745'),
('DW066', '2558-08-25', '', 'RAKLM', 'EX003', 5000, 150, '50%แรก', 0, 1, '', 'ST004', '3330100374745'),
('DW067', '2558-08-25', '', 'TBBHM', 'EX003', 5000, 150, '50%แรก', 0, 1, '', 'ST004', '3330100374745'),
('DW068', '2558-09-14', '', 'SRYTT', 'EX003', 5000, 150, '50%แรก', 0, 1, '', 'ST010', '3330100374745'),
('DW069', '2558-09-14', '', 'DSBAI', 'EX003', 5000, 150, '50%แรก', 0, 1, '', 'ST010', '3330100374745'),
('DW070', '2558-09-14', '', 'SJHJO', 'EX003', 5000, 150, '50%แรก', 0, 1, '', 'ST010', '3330100374745'),
('DW071', '2558-09-14', '', 'PARAW', 'EX003', 5000, 150, '50%แรก', 0, 1, '', 'ST010', '3330100374745'),
('DW072', '2558-09-14', '', 'BFS12', 'EX003', 5000, 150, '50%แรก', 0, 1, '', 'ST010', '3330100374745'),
('DW073', '2558-09-14', '', 'WNPIM', 'EX003', 5000, 150, '50%แรก', 0, 1, '', 'ST010', '3330100374745'),
('DW074', '2558-09-14', '', 'BWBUA', 'EX003', 5000, 150, '50%แรก', 0, 1, '', 'ST010', '3330100374745'),
('DW075', '2558-09-14', '', 'BYSOG', 'EX003', 5000, 150, '50%แรก', 0, 1, '', 'ST010', '3330100374745'),
('DW076', '2558-09-14', '', 'MTWLH', 'EX003', 5000, 150, '50%แรก', 0, 1, '', 'ST010', '3330100374745'),
('DW077', '2558-09-14', '', 'SMERC', 'EX003', 5000, 150, '50%แรก', 0, 1, '', 'ST010', '3330100374745'),
('DW078', '2558-09-14', '', 'PWSIY', 'EX003', 5000, 150, '50%แรก', 0, 1, '', 'ST010', '3330100374745'),
('DW079', '2558-09-14', '', 'LBGPL', 'EX003', 5000, 150, '50%แรก', 0, 1, '', 'ST010', '3330100374745'),
('DW080', '2558-09-14', '', 'RIKAO', 'EX003', 5000, 150, '50%แรก', 0, 1, '', 'ST010', '3330100374745'),
('DW081', '2558-09-14', '', 'BKYAE', 'EX003', 5000, 150, '50%แรก', 0, 1, '', 'ST010', '3330100374745'),
('DW082', '2558-09-14', '', 'BMIYN', 'EX003', 5000, 150, '50%แรก', 0, 1, '', 'ST010', '3330100374745'),
('DW083', '2558-09-14', '', 'WSDT', 'EX003', 5000, 150, '50%แรก', 1, 1, '1407110001', 'ST004', '3330100374745'),
('DW084', '2558-09-14', '', 'PKKU', 'EX003', 5000, 150, '50%แรก', 0, 1, '', 'ST003', '3330100374745'),
('DW085', '2558-09-14', '', 'SPRN', 'EX003', 5000, 150, '50%แรก', 0, 1, '', 'ST003', '3330100374745'),
('DW086', '2558-09-14', '', '', 'EX003', 10000, 300, 'ซ่อมแอร์และPM', 0, 1, '', 'ST009', ''),
('DW087', '2558-09-14', '', '', 'EX002', 15000, 0, 'คอมเพลสเซอร์ CDU 45000 BTU', 0, 1, '', 'ST009', ''),
('DW088', '2558-09-14', '', '', 'EX002', 5000, 0, 'มอเตอร์ FCU', 0, 1, '', 'ST009', ''),
('DW089', '2558-09-27', '', 'BSKJO', 'EX003', 5000, 150, '50%แรก', 0, 1, '', 'ST010', '3330100374745'),
('DW090', '2558-09-27', '', 'BBMRU', 'EX003', 5000, 150, '50%แรก', 0, 1, '', 'ST010', '3330100374745'),
('DW091', '2558-09-27', '', 'HUAPA', 'EX003', 5000, 150, '50%แรก', 0, 1, '', 'ST010', '3330100374745'),
('DW092', '2558-09-27', '', 'KPTKM', 'EX003', 5000, 150, '50%แรก', 0, 1, '', 'ST003', '3330100374745'),
('DW093', '2558-09-27', '', 'KHTKM', 'EX003', 5000, 150, '50%แรก', 0, 1, '', 'ST003', '3330100374745'),
('DW094', '2558-09-27', '', 'BNGYA ', 'EX003', 5000, 150, '50%แรก', 0, 1, '', 'ST003', '3330100374745'),
('DW095', '2558-09-27', '', ' BWLAN', 'EX003', 5000, 150, '50%แรก', 0, 1, '', 'ST003', '3330100374745'),
('DW096', '2558-09-27', '', 'MIYOH', 'EX003', 5000, 150, '50%แรก', 0, 1, '', 'ST003', '3330100374745'),
('DW097', '2558-09-27', '', 'XBMT', 'EX003', 5000, 150, '50%แรก', 0, 1, '', 'ST004', '3330100374745'),
('DW098', '2558-09-27', '', 'XYRK', 'EX003', 5000, 150, '50%แรก', 0, 1, '', 'ST004', '3330100374745'),
('DW099', '2558-09-27', '', '', 'EX002', 2443, 0, 'IV0000441 SBA อิควิปเม้น', 0, 1, '', 'ST009', ''),
('DW100', '2558-10-09', '', '', 'EX002', 5439, 0, 'IV0000440 SBA อิควิปเม้น', 0, 1, '', 'ST009', ''),
('DW101', '2558-10-18', '', '', 'EX003', 20000, 600, 'เบิกเข้าทำงาน', 0, 1, '', 'ST017', ''),
('DW102', '2558-10-28', '', 'CS28M', 'EX003', 5000, 150, '50%แรก', 0, 1, '', 'ST004', '3330100374745'),
('DW103', '2558-10-28', '', 'BSL1', 'EX003', 5000, 150, '50%แรก', 0, 1, '', 'ST003', '3330100374745'),
('DW104', '2558-10-28', '', 'XYPK', 'EX003', 5000, 150, '50%แรก', 0, 1, '', 'ST004', '3330100374745'),
('DW105', '2559-10-29', '', '', 'EX003', 30000, 900, 'ติดตั้งACและ Cut Load', 0, 1, '', 'ST009', ''),
('DW106', '2558-11-07', '', '', 'EX002', 2193, 0, 'IV0000491 SBA อิควิปเม้น', 0, 1, '', 'ST009', ''),
('DW107', '2558-11-08', '', 'YKPCM', 'EX003', 5000, 150, '50%แรก', 0, 1, '', 'ST003', '3330100374745'),
('DW108', '2558-11-08', '', 'CADPM', 'EX003', 5000, 150, '50%แรก', 0, 1, '', 'ST003', '3330100374745'),
('DW109', '2558-11-08', '', 'BSVTM', 'EX003', 5000, 150, '50%แรก', 0, 1, '', 'ST003', '3330100374745'),
('DW110', '2558-11-08', '', 'NGPPM', 'EX003', 5000, 150, '50%แรก', 0, 1, '', 'ST003', '3330100374745'),
('DW111', '2558-11-08', '', 'SMK3M', 'EX003', 5000, 150, '50%แรก', 0, 1, '', 'ST004', '3330100374745'),
('DW112', '2558-11-08', '', '', 'EX003', 15000, 450, '', 0, 1, '', 'ST018', ''),
('DW113', '2558-11-17', '', '', 'EX003', 20000, 600, 'TRUE PSP 08', 0, 1, '', 'ST017', ''),
('DW114', '2558-11-21', '', '', 'EX003', 30000, 900, '', 0, 1, '', 'ST016', ''),
('DW115', '2558-12-06', '', 'SRYTT', 'EX003', 4500, 135, '50%หลัง', 0, 1, '', 'ST010', '3330100374745'),
('DW116', '2558-12-06', '', 'DSBAI', 'EX003', 4500, 135, '50%หลัง', 0, 1, '', 'ST010', '3330100374745'),
('DW117', '2558-12-06', '', 'SJHJO', 'EX003', 4500, 135, '50%หลัง', 0, 1, '', 'ST010', '3330100374745'),
('DW118', '2558-12-06', '', 'PARAW', 'EX003', 4500, 135, '50%หลัง', 0, 1, '', 'ST010', '3330100374745'),
('DW119', '2558-12-06', '', 'BFS12', 'EX003', 4500, 135, '50%หลัง', 0, 1, '', 'ST010', '3330100374745'),
('DW120', '2558-12-06', '', 'WNPIM', 'EX003', 4500, 135, '50%หลัง', 0, 1, '', 'ST010', '3330100374745'),
('DW121', '2558-12-06', '', 'BWBUA', 'EX003', 4500, 135, '50%หลัง', 0, 1, '', 'ST010', '3330100374745'),
('DW122', '2558-12-06', '', 'BYSOG', 'EX003', 4500, 135, '50%หลัง', 0, 1, '', 'ST010', '3330100374745'),
('DW123', '2558-12-06', '', 'MTWLH', 'EX003', 4500, 135, '50%หลัง', 0, 1, '', 'ST010', '3330100374745'),
('DW124', '2558-12-06', '', 'SMERC', 'EX003', 4500, 135, '50%หลัง', 0, 1, '', 'ST010', '3330100374745'),
('DW125', '2558-12-06', '', 'PWSIY', 'EX003', 4500, 135, '50%หลัง', 0, 1, '', 'ST010', '3330100374745'),
('DW126', '2558-12-06', '', 'RIKAO', 'EX003', 4500, 135, '50%หลัง', 0, 1, '', 'ST010', '3330100374745'),
('DW127', '2558-12-06', '', 'BKYAE', 'EX003', 4500, 135, '50%หลัง', 0, 1, '', 'ST010', '3330100374745'),
('DW128', '2558-12-06', '', 'BMIYN', 'EX003', 4500, 135, '50%หลัง', 0, 1, '', 'ST010', '3330100374745'),
('DW129', '2558-12-06', '', 'LHEAY', 'EX003', 4500, 135, '50%หลัง', 0, 1, '', 'ST010', '3330100374745'),
('DW130', '2558-12-06', '', 'ฺBCLWS', 'EX003', 4500, 135, '50%หลัง', 0, 1, '', 'ST010', '3330100374745'),
('DW131', '2558-12-06', '', 'BPRAI', 'EX003', 4500, 135, '50%หลัง', 0, 1, '', 'ST004', '3330100374745'),
('DW132', '2558-12-06', '', 'KATOK', 'EX003', 4500, 135, '50%หลัง', 0, 1, '', 'ST010', '3330100374745'),
('DW133', '2558-12-06', '', 'BTMKT', 'EX003', 4500, 135, '50%หลัง', 0, 1, '', 'ST010', '3330100374745'),
('DW134', '2558-12-06', '', 'TSL30', 'EX003', 4500, 135, '50%หลัง', 0, 1, '', 'ST010', '3330100374745'),
('DW135', '2558-12-06', '', 'BNKMS', 'EX003', 4500, 135, '50%หลัง', 0, 1, '', 'ST010', '3330100374745'),
('DW136', '2558-12-06', '', 'BSKJO', 'EX003', 4500, 135, '50%หลัง', 0, 1, '', 'ST010', '3330100374745'),
('DW137', '2558-12-06', '', 'BBMRU', 'EX003', 4500, 135, '50%หลัง', 0, 1, '', 'ST010', '3330100374745'),
('DW138', '2558-12-06', '', 'HUAPA', 'EX003', 4500, 135, '50%หลัง', 0, 1, '', 'ST010', '3330100374745'),
('DW139', '2558-12-15', '', '', 'EX002', 2641, 0, 'IV58/08320 MS.', 0, 1, '', 'ST016', ''),
('DW140', '2558-12-15', '', '', 'EX002', 6356, 0, 'หจก.มนัสชัย', 0, 1, '', 'ST016', ''),
('DW141', '2558-12-15', '', '', 'EX002', 4280, 0, 'หจก.ศรีสุวรรณ', 0, 1, '', 'ST016', ''),
('DW142', '2558-12-24', '', 'WPWCN', 'EX003', 4500, 135, '50%หลัง', 0, 1, '', 'ST003', '3330100374745'),
('DW143', '2558-12-24', '', 'BNGYA ', 'EX003', 4500, 135, '50%หลัง', 0, 1, '', 'ST003', '3330100374745'),
('DW144', '2558-12-24', '', ' BWLAN', 'EX003', 4500, 135, '50%หลัง', 0, 1, '', 'ST003', '3330100374745'),
('DW145', '2558-12-24', '', 'MIYOH', 'EX003', 4500, 135, '50%หลัง', 0, 1, '', 'ST003', '3330100374745'),
('DW146', '2558-12-24', '', 'WANDA', 'EX003', 4500, 135, '50%หลัง', 0, 1, '', 'ST003', '3330100374745'),
('DW147', '2558-12-24', '', 'DPUCM', 'EX003', 4500, 135, '50%หลัง', 0, 1, '', 'ST004', '3330100374745'),
('DW148', '2558-12-24', '', 'PTCBM', 'EX003', 4500, 135, '50%หลัง', 0, 1, '', 'ST004', '3330100374745'),
('DW149', '2558-12-24', '', 'ST25M', 'EX003', 4500, 135, '50%หลัง', 0, 1, '', 'ST004', '3330100374745'),
('DW150', '2558-12-24', '', 'CS28M', 'EX003', 4500, 135, '50%หลัง', 0, 1, '', 'ST004', '3330100374745'),
('DW151', '2558-12-24', '', 'SIM2M', 'EX003', 4500, 135, '50%หลัง', 0, 1, '', 'ST004', '3330100374745'),
('DW152', '2558-12-24', '', 'RAKLM', 'EX003', 4500, 135, '50%หลัง', 0, 1, '', 'ST004', '3330100374745'),
('DW153', '2559-01-10', '', '', 'EX003', 30000, 900, '', 0, 1, '', 'ST016', ''),
('DW154', '2559-01-16', '', '', 'EX003', 40000, 1200, 'ค่าย้ายผนัง', 0, 1, '', 'ST019', ''),
('DW155', '2559-01-16', '', '', 'EX003', 10000, 300, '', 0, 1, '', 'ST019', ''),
('DW156', '2559-01-21', '', '', 'EX003', 40000, 1200, 'TRUE PSP ', 0, 1, '', 'ST017', ''),
('DW157', '2559-02-17', '', '', 'EX003', 20000, 600, '', 0, 1, '', 'ST019', ''),
('DW158', '2559-02-22', '', '', 'EX002', 8560, 0, 'IV5902041 SBA อิควิปเม้น', 0, 1, '', 'ST016', ''),
('DW159', '2559-02-22', '', '', 'EX002', 2434, 0, 'หจก.ศรีสุวรรณ', 0, 1, '', 'ST016', ''),
('DW160', '2558-03-26', '', 'TNWNB ', 'EX003', 5000, 150, '50%แรก', 0, 1, '', 'ST010', '3330100374745'),
('DW161', '2558-03-26', '', 'ONGJU ', 'EX003', 5000, 150, '50%แรก', 0, 1, '', 'ST010', '3330100374745'),
('DW162', '2558-03-26', '', 'PN3R9', 'EX003', 5000, 150, '50%แรก', 0, 1, '', 'ST010', '3330100374745'),
('DW163', '2559-03-01', 'sne', '', 'EX003', 10000, 300, '', 0, 0, '', '', '');

-- --------------------------------------------------------

--
-- Table structure for table `employee`
--

CREATE TABLE `employee` (
  `EmID` varchar(13) NOT NULL,
  `EmName` varchar(50) NOT NULL,
  `EmAddress` varchar(100) DEFAULT NULL,
  `EmTel` varchar(10) DEFAULT NULL
) ENGINE=InnoDB DEFAULT CHARSET=utf8;

--
-- Dumping data for table `employee`
--

INSERT INTO `employee` (`EmID`, `EmName`, `EmAddress`, `EmTel`) VALUES
('0000000000001', 'นายธนวรรธน์  ศรีรัฐวัฒนากูล', '555', '81'),
('0105554123570', 'บริษัท ซีเค อินโฟเทค จำกัด', '60/165 วรารมณ์69 ถ.เลียบคลองภาษีเจริญฝั่งใต้ แขวงหนองแขม เขตหนองแขม กรุงเทพ\r\n', '81'),
('0113545006149', 'หจก.วาย.เอ็น.ที เอ็นจิเนียริ่ง', '2/33 หมู่10 ต.ราชาดทวะ อ.บางพลี จ.สมุทรปราการ 10540', '2'),
('0565555600131', 'บริษัท เอส.ไอ.เอ็น.จี เอ็นจิเนียริ่ง จำกัด', '1/57 หมู่ 7 ต.วัดจันทร์  อ.เมืองพิษณุโลก จ.พิษณุโลก65000', '89'),
('1199900208355', 'นายอินธิศักดิ์  สินชู', '89 หมู่7 ต.บ้านนา อ.บ้านนา จ.นครนายก', ''),
('1421000018908', 'นางสาวปรียารัตน์  มูลทากรม', '267 หมู่ 1 ต.ภูกระดึง อ.ภูกระดึง จ.เลย\r\n42180\r\n', '0'),
('1560290001645', 'นายวรัญญู  เอียวงค์', '', '0'),
('2560100012924', 'นางสาวอิชยา  ตาใจ', '119 หมู่ 9 ต.แม่กา อ.เมือง จ.พะเยา\r\n56000\r\n', '84'),
('3102002372342', 'นายคุณวุฒิ  วีระประดิษฐ์', '1198 ซอยจรัญสนิทวงศ์ ต.บางบำหรุ อ.บางพลัด จ.กรุงเทพ 10700\r\n', '0'),
('3330100374745', 'นายวิษิตร์  งอมสงัด', '39/429 หมู่1 แขวงแสมดำ เขตบางขุนเทียน กรุงเทพ\r\n10150\r\n', '86'),
('3340100210882', 'นายพิทักษ์  ทองจันทร์', '61 หมู่2 ต.ท่าเมือง อ.ดอนมดแดง จ.อุบลราชธานี', '87'),
('3350100675605', 'นายปริญญา  วงศ์ไกล', '26 หมู่17 ต.เปรก อ.เมือง จ.ยโสธร', '87'),
('3409800065556', 'นายบุญส่ง  น่วมอินทร์', '31/2255 หมู่ 2 ต.คลองสาม อ.คลองหลวง\r\n จ.ปทุมธานี 12120\r\n', '80'),
('3421000066372', 'นางสาวเตาะ  มูลทากรม', '267 หมู่ 1 ต.ภูกระดึง อ.ภูกระดึง จ.เลย\r\n42180\r\n', '0'),
('3470600287107', 'นายสุธีศักดิ์ ศรีรัฐวัฒนากูล', '258 ต.วังหว้าอ.ศรีประจันต์ จ.สุพรรณบุรี 72140', '0'),
('3530700072560', 'นายมนต์ชัย  มูลแสง', '135 หมู่ 3 ต.หนองฮี อ.ปลาปาก จ.นครพนม\r\n48160', '81'),
('3530700072586', 'นายวันชัย  มูลแสง', '92/1 หมู่ 9 ต.ท่าสัก อ.พิชัย จ.อุตรดิตถ์\r\n53220\r\n', '0'),
('3560100562264', 'นายณรงศักดิ์  คำมี', '155 หมู่ 8 ต.ดงเจน อ.ภูกามยาว จ.พะเยา 56000', '81'),
('3560200506714', 'นางสาววรรณา  กำไรวงศ์', '116/28 ต.บางพลีใหญ่ อ.บางพลี จ.สมุทรปราการ', '0'),
('3609700294837', 'นายธงชัย  ประสานเสือ', '62/141 หมู่8 จ.บึงบอน อ.หนองเสือ จ.ปทุมธานี\r\n12170\r\n', '84'),
('3609700296465', 'นายทวีศักดิ์  ยังจรุญ', '100/6 หมู่ที่ 5 ต.สีคิ้ว\r\nอ.สีคิ้ว จ.นครราชสีมา\r\n30140\r\n', '84'),
('3640900288930', 'นายชูชาติ  คำพีระเมา', '60/185 ถ.เลีบฝั่งใต้ ต.หนองแขม อ.หยองแขม กรุงเทพ', '81'),
('5300190035411', 'นายเฉลิมพล  อุทกโยธะ', '222/77 ม.1 หมู่บ้านยูคอนเซ็ป ถ.ราชสีมา-โชคชัย อ.เมือง จ.นครราชสีมา 3000', '81'),
('9999999999999', 'นายบุญมา  กำไรวงศ์', 'Phayao', '');

-- --------------------------------------------------------

--
-- Table structure for table `expenses`
--

CREATE TABLE `expenses` (
  `ExpensesID` varchar(5) NOT NULL,
  `ExpensesName` varchar(30) DEFAULT NULL
) ENGINE=InnoDB DEFAULT CHARSET=utf8;

--
-- Dumping data for table `expenses`
--

INSERT INTO `expenses` (`ExpensesID`, `ExpensesName`) VALUES
('EX001', 'ค่าใช้จ่าย11'),
('EX002', 'ค่าของ'),
('EX003', 'ค่าจ้างเหมาแรงงาน'),
('EX004', 'ค่าที่ปรึกษา'),
('EX005', 'ค่าเช่า'),
('EX006', 'ค่าขนส่ง'),
('EX007', 'ยืมทำงาน'),
('EX008', 'ค่าจ้างทำของ'),
('EX009', 'ค่าวัสดุอุปกรณ์เครื่องใช้ ออฟฟ'),
('EX010', 'ค่าประกันสังคม'),
('EX011', 'เงินสมทบกองทุนปกส.ประจำปี'),
('EX012', 'ค่าทำงบการเงิน'),
('EX013', 'ค่าภาษีเงินได้บุคคลธรรมดา (ภงด'),
('EX014', 'ค่าภาษีมูลค่าเพิ่ม (ภพ.30)'),
('EX015', 'ค่าภาษีเงินได้บริษัท (ภงด.50)'),
('EX016', 'ค่าเงินเดือน'),
('EX017', 'ค่าส่งเอกสาร'),
('EX018', 'ค่าโอนให้พี่สาว'),
('EX019', 'ค่าโอนให้ณัฐ'),
('EX020', 'ค่าซ่อมเปลี่ยน');

-- --------------------------------------------------------

--
-- Table structure for table `invoice`
--

CREATE TABLE `invoice` (
  `InvoiceID` varchar(15) NOT NULL,
  `InvoiceDate` date NOT NULL,
  `PartnersID` varchar(10) NOT NULL,
  `Invoice` int(11) NOT NULL,
  `Bill` int(11) NOT NULL,
  `Note` varchar(100) NOT NULL,
  `OderID` varchar(15) DEFAULT NULL,
  `SiteCode` varchar(10) NOT NULL,
  `SiteTypeID` varchar(10) NOT NULL,
  `empID` varchar(13) NOT NULL
) ENGINE=InnoDB DEFAULT CHARSET=utf8;

--
-- Dumping data for table `invoice`
--

INSERT INTO `invoice` (`InvoiceID`, `InvoiceDate`, `PartnersID`, `Invoice`, `Bill`, `Note`, `OderID`, `SiteCode`, `SiteTypeID`, `empID`) VALUES
('006034713', '2558-10-25', '0107544000', 1071, 1146, '', '', '', '', ''),
('1016091054', '2558-04-23', '0105537019', 34584, 37005, '', '', '', '', ''),
('1016091055', '2558-04-23', '0105537019', 3986, 4266, '', '', '', '', ''),
('107/5344', '2558-06-15', '0565549000', 1028, 1100, 'ของต่อเติมออฟฟิศ', '', '', '', ''),
('169/08499', '2558-06-22', '0505533000', 15327, 16400, 'ของต่อเติมออฟฟิศ', '', '', '', ''),
('34/1665', '2558-06-16', '0563535000', 6355, 6800, 'ของใช้ต่อเติมออฟฟิศ', '', '', '', ''),
('34/1679', '2558-06-19', '0563535000', 1287, 1377, 'ของต่อเติมออฟฟิศ', '', '', '', ''),
('36/1768', '2558-08-03', '3560100983', 319, 341, 'ของใช้สำนักงาน', '', '', '', ''),
('38/1862', '2558-09-08', '3560100983', 341, 365, '', '', '', '', ''),
('41/2005', '2558-12-03', '3560100983', 292, 312, '', '', '', '', ''),
('58/06/049', '2558-06-22', '0992002805', 3535, 3750, 'ของใช้ต่อเติมออฟฟิศ', '', '', '', ''),
('60758/0045', '2558-07-28', '0573542000', 23729, 25390, 'ของใช้งานออฟฟิศ', '', '', '', ''),
('958402010900395', '2558-09-23', '0105550116', 2656, 2842, '', '', '', '', ''),
('AR292571', '2558-12-23', '0115545008', 9000, 9630, '', 'City_001', '', '', ''),
('CA580622-0001', '2558-06-22', '3579900098', 1291, 1381, 'ของใช้ต่อเติมออฟฟิศ', '', '', '', ''),
('HS5618045', '2558-03-10', '0103535025', 43000, 46010, '', '', '', '', ''),
('HS5618213', '2558-03-18', '0103535025', 57104, 61101, '', '', '', '', ''),
('HS5618557', '2558-04-04', '0103535025', 93055, 99569, '', '', '', '', ''),
('HS5618715', '2558-04-11', '0103535025', 76627, 81991, '', '', '', '', ''),
('HS5618798', '2558-04-18', '0103535025', 64640, 69165, '', '', '', '', ''),
('HS5618902', '2558-04-24', '0103535025', 86057, 92081, '', '', '', '', ''),
('HS5619036', '2558-05-05', '0103535025', 116725, 124896, '', '', '', '', ''),
('HS5619037', '2558-05-05', '0103535025', 88725, 94936, '', '', '', '', ''),
('HS5619142', '2558-05-09', '0103535025', 71540, 76548, '', '', '', '', ''),
('HS5619186', '2558-05-12', '0103535025', 132364, 141629, '', '', '', '', ''),
('HS5619197', '2558-05-12', '0103535025', 127200, 136104, '', '', '', '', ''),
('HS5619284', '2558-05-16', '0103535025', 82675, 88462, '', '', '', '', ''),
('HS5619369', '2558-05-20', '0103535025', 64246, 68744, '', '', '', '', ''),
('HS5619427', '2558-05-23', '0103535025', 71390, 76387, '', '', '', '', ''),
('HS5619515', '2558-05-27', '0103535025', 125561, 134350, '', '', '', '', ''),
('IV5806119', '2558-06-12', '0563556000', 23263, 24891, 'ของต่อเติมออฟฟิศ', '', '', '', ''),
('IV5806585', '2558-12-28', '0107558000', 27696, 29635, '', 'ASEFA_001', '', '', ''),
('RDA-5806-0082', '2558-06-08', '0505557003', 392, 419, 'ของใช้ต่อเติมออฟฟิศ', '', '', '', ''),
('RDA-5806-0104', '2558-06-09', '0505557003', 506, 541, 'ของใช้ต่อเติมออฟฟิศ', '', '', '', ''),
('S12843', '2558-12-01', '0735537002', 42140, 45090, '', 'SEP_001', '', '', ''),
('S12872', '2559-01-07', '0735537002', 68366, 73120, '', 'SEP_002', '', '', ''),
('Y16047', '2558-06-08', '0505531000', 2710, 2900, 'ของใช้ต่อเติมออฟฟิศ', '', '', '', ''),
('็HS0023097', '2558-05-04', '0565546000', 4850, 5190, 'ค่าปริ้นเตอร์ Brother', '', '', '', '');

-- --------------------------------------------------------

--
-- Table structure for table `oder`
--

CREATE TABLE `oder` (
  `OderID` varchar(15) NOT NULL,
  `OderDate` date NOT NULL,
  `PartnersID` varchar(10) NOT NULL,
  `SiteTypeID` varchar(10) NOT NULL,
  `OderNote` varchar(30) NOT NULL,
  `EmpID` varchar(13) NOT NULL
) ENGINE=InnoDB DEFAULT CHARSET=utf8;

--
-- Dumping data for table `oder`
--

INSERT INTO `oder` (`OderID`, `OderDate`, `PartnersID`, `SiteTypeID`, `OderNote`, `EmpID`) VALUES
('224_2559/001', '2559-01-05', '', 'ST002', 'ณรงศักดิ์', ''),
('224_2559/002', '2559-01-05', '', 'ST009', 'ณรงศักดิ์ เชียงใหม่', ''),
('224_2559/003', '2559-01-08', '', 'ST005', 'เฉลิมพล', ''),
('224_2559/004', '2559-01-11', '', 'ST016', 'วิษิตร์', ''),
('224_2559/005', '2559-01-11', '', 'ST002', 'ณรงศักดิ์', ''),
('224_2559/006', '2559-01-14', '', 'ST005', 'วรัญญู', ''),
('224_2559/007', '2559-01-14', '', 'ST005', 'ทวีศักดิ์', ''),
('224_2559/008', '2559-01-14', '', 'ST005', 'นุกูล', ''),
('224_2559/009', '0000-00-00', '', '', '', ''),
('23435', '2559-01-03', 'PN00000001', 'ST007', 'dfghj', '0113545006149'),
('ASEFA_001', '2558-12-21', '0107558000', 'ST016', '', '3330100374745'),
('City_001', '2558-12-09', '0115545008', 'ST016', '', '0000000000001'),
('G_2559/001', '2559-01-14', '', 'ST016', 'พี่โนช', ''),
('IV59/12345', '2559-03-01', '0105533112', 'ST004', '', '3330100374745'),
('SEP_001', '2558-11-26', '0735537002', 'ST016', '', '3330100374745'),
('SEP_002', '2558-12-14', '0735537002', 'ST016', '', '3330100374745'),
('ใบสั่งซื้อ01', '2558-12-28', '', 'ST001', 'ปปปปหห', '');

-- --------------------------------------------------------

--
-- Table structure for table `partners`
--

CREATE TABLE `partners` (
  `PartnersID` varchar(13) NOT NULL,
  `PartnersName` varchar(50) NOT NULL
) ENGINE=InnoDB DEFAULT CHARSET=utf8;

--
-- Dumping data for table `partners`
--

INSERT INTO `partners` (`PartnersID`, `PartnersName`) VALUES
('0103528023481', 'หจก.ศรีสุวรรณพาณิชย์'),
('0103535025035', 'หจก.ไฟฟ้า เอส.ที.ซี '),
('0103540012710', 'หจก.มนัสชัยค้าเหล็ก'),
('0105521023002', 'บริษั พี ไอ เอส คอมเมอร์เชียล จำกัด'),
('0105533112439', 'บริษัท สกายคอมเมอเชี่ยล จำกัด'),
('0105537019140', 'บริษัท อินเด็กซ์ ลิฟวิ่งมอลล์ จำกัด'),
('0105537124458', 'บริษัท อิเมอร์สัน เนทเวอร์ค พาวเวอร์ (ประเทศไทย) จ'),
('0105538092525', 'บริษัท ไทรแค๊บ (ประเทศไทย) จำกัด'),
('0105539053094', 'บริษัท ยูไนเต็ด อินฟอร์เมชั่น ไฮเวย์ จำกัด'),
('0105544005213', 'บริษัท ประธานการไฟฟ้า จำกัด'),
('0105546013817', 'บ.วีเมนเทนแน้นซ์ แอนด์เซอร์วิส จำกัด '),
('0105550116455', 'บริษัท บุญถาวร ไลท์ติ้ง เซ็นเตอร์ จำกัด'),
('0105556160049', 'บริษัท บางกอก แอบโซลูท อิเลคทริค แอนด์ คอน จำกัด'),
('0107544000043', 'บริษัท โฮมโปร โปรดักส์ เซ็นเตอร์ จำกัด มหาชน'),
('0107558000091', 'บริษัท อาซีฟา จำกัด (มหาชน)'),
('0115545008607', 'บริษัท ซิตี้พาร์คสตีล จำกัด'),
('0115557001114', 'บริษัท ทีเอ็น เมทเทิล เลเซอร์ จำกัด'),
('0125555004515', 'บริษัท เกจพลัส จำกัด'),
('0135547002258', 'บริษัท 224 ซัพพลาย จำกัด'),
('0505531000362', 'บ.จังหย่งเฮงเส็ง จำกัด'),
('0505533000220', 'บ.มนตรีแมชชินทูลส์ จำกัด'),
('0505557003644', 'บ.วีระชัย การไฟฟ้า จำกัด'),
('0563535000021', 'หจก.พะเยานำไพศาล'),
('0563556000470', 'บ.บี เค เม็ททอล ชีท พะเยา'),
('0565546000061', 'บริษัท โกลด์ พีซี เน็ตเวิร์ค จำกัด'),
('0565549000143', 'บ.เหนือกิจโฮมเซ็นเตอร์ จำกัด'),
('0573542000120', 'หจก.เชียงรายเทคโนคอม'),
('0735537002594', 'บริษัท สามพราน เอ็นจิเนียร์ แอนด์ โปรดัคท์ จำกัด'),
('0735547002171', 'บริษัท แม็กนั่ม สตีล จำกัด'),
('0745553003320', 'บ.เอส บี เอ อีควิปเมนท์ อิเล็คทรรคอล จำกัด'),
('0992002805671', 'หสม. เจริญแสงการไฟฟ้า'),
('1560100096259', 'บอยนะจ๊ะ'),
('3560100983723', 'พะเยาศึกษาภัณฑ์'),
('3579900098072', 'ร้าน สมบัติการไฟฟ้า'),
('PN00000001', 'BBT Com&Network'),
('PN00000002', 'EMERSON'),
('PN00000003', 'VMS'),
('PN00000004', 'UIH');

-- --------------------------------------------------------

--
-- Table structure for table `po`
--

CREATE TABLE `po` (
  `poID` varchar(10) NOT NULL,
  `poDate` date NOT NULL,
  `PartnersID` varchar(13) NOT NULL,
  `po` int(11) NOT NULL,
  `NoIn` varchar(15) NOT NULL,
  `NoInNum` int(11) NOT NULL,
  `TaxIn` varchar(15) NOT NULL,
  `TaxInNum` int(11) NOT NULL,
  `MattDate` date NOT NULL,
  `Matt` int(11) NOT NULL,
  `ServiceDate` date NOT NULL,
  `Service` int(11) NOT NULL,
  `poNote` varchar(50) NOT NULL
) ENGINE=InnoDB DEFAULT CHARSET=utf8;

--
-- Dumping data for table `po`
--

INSERT INTO `po` (`poID`, `poDate`, `PartnersID`, `po`, `NoIn`, `NoInNum`, `TaxIn`, `TaxInNum`, `MattDate`, `Matt`, `ServiceDate`, `Service`, `poNote`) VALUES
('', '0000-00-00', '', 0, '', 0, '', 0, '0000-00-00', 0, '0000-00-00', 0, ''),
('1111', '2559-03-07', '', 20000, '', 0, '20000', 20000, '0000-00-00', 0, '0000-00-00', 0, ''),
('1407110001', '2559-01-05', '0105546013817', 100000, '2559/006', 100000, '', 0, '0000-00-00', 0, '0000-00-00', 0, ''),
('1407110005', '2558-01-05', '', 0, '2559/002', 0, '2559/002', 0, '0000-00-00', 0, '2558-01-05', 137376, ''),
('1407110009', '2559-03-18', 'PN00000002', 0, '2559/005', 500000, '2559/005', 500000, '2559-03-18', 500000, '2559-03-18', 500000, ''),
('1407110052', '2558-01-05', 'PN00000002', 0, '2559/001', 0, '2559/001', 0, '0000-00-00', 0, '2558-01-05', 22896, ''),
('1414', '2559-02-01', '', 0, '', 0, '', 0, '2559-02-08', 0, '2559-02-08', 0, ''),
('22222', '2559-01-24', 'PN00000003', 30000, '55465', 4567, '454567', 456467, '2559-02-01', 555, '2559-02-02', 5555, 'fxghdjdj'),
('454', '2559-02-01', '0103535025035', 555, '555', 555, '555', 555, '2559-02-09', 555, '2559-02-07', 555, '555'),
('99999', '2559-02-02', 'PN00000001', 99999, '9999', 999999, '9999', 9999, '2559-01-01', 9999, '2559-02-01', 99999, '99999');

-- --------------------------------------------------------

--
-- Table structure for table `site`
--

CREATE TABLE `site` (
  `SiteCode` varchar(10) NOT NULL,
  `SiteName` varchar(50) DEFAULT NULL,
  `SiteTypeID` varchar(10) NOT NULL,
  `EmID` varchar(13) NOT NULL
) ENGINE=InnoDB DEFAULT CHARSET=utf8;

--
-- Dumping data for table `site`
--

INSERT INTO `site` (`SiteCode`, `SiteName`, `SiteTypeID`, `EmID`) VALUES
(' BWLAN', 'โรงเรียนบ้านวังลาน', 'ST003', '3330100374745'),
(' NKCIM 	', 'ถนนนครชัยศรี', 'ST004', '3330100374745'),
('ACRHM', 'โรงพยาบาลอำนาจเจริญ', 'ST005', '5300190035411'),
('ANCKM', 'ซอยอำนวยโชค', 'ST004', '3330100374745'),
('BBMRU', 'บ้านบำหรุ', 'ST010', '3330100374745'),
('BCLWS', 'โรงรียนบ้านจันทร์ลาดวิทยา', 'ST010', '3330100374745'),
('BDBUO', '??ҹ?͡???', 'ST006', '9999999999999'),
('BDSWN', '??ҹ??????ó', 'ST005', '9999999999999'),
('BFS12', 'บีฟู้ดซอย 12', 'ST010', '3330100374745'),
('BGPA', 'บางปลา', 'ST003', '3330100374745'),
('BKJO', 'บางกระเจ้า ', 'ST003', '3330100374745'),
('BKYAE', 'บ้านกุ่ยแหย่', 'ST010', '3330100374745'),
('BMIYN', 'บ้านใหม่ร่มเย็น', 'ST010', '3330100374745'),
('BNGYA ', 'บ้านหนองหญ้า ', 'ST003', '3330100374745'),
('BNKMS', 'โรงรียนบ้านหนองเขมร', 'ST010', '3330100374745'),
('BPRAI', 'บ้านไพรงาม', 'ST004', '3330100374745'),
('BPRTM', 'บายพาสร้อยเอ็ด', 'ST005', '5300190035411'),
('BSKJO', 'บ้านวัดกระโจม', 'ST010', '3330100374745'),
('BSL1', 'บ้านสาลี', 'ST003', '3330100374745'),
('BSVTM', 'วิทยาลัยการอาชีพบางสะพาน', 'ST003', '3330100374745'),
('BTE1', 'บางคนฑี 1', 'ST003', '3330100374745'),
('BTMKT', 'บ้านถ้ำมังกรทอง', 'ST010', '3330100374745'),
('BWBUA', 'บ้านวัดบัว', 'ST010', '3330100374745'),
('BYSOG', 'บ้านยางสูง', 'ST010', '3330100374745'),
('CADPM', 'ชะอำดุสิตโปโล', 'ST003', '3330100374745'),
('CHTUM', 'ถนนจตุโชติ', 'ST004', '3330100374745'),
('CJRKR', 'ชาติเจริญ เขมราฐ', 'ST005', '5300190035411'),
('CK37M', 'เจริญกรุง37', 'ST004', '3330100374745'),
('CS28M', 'ซ.จรัลสนิทวงศ์ 28', 'ST004', '3330100374745'),
('CTUNG', ' บ้านชายทุ่ง', 'ST003', '3330100374745'),
('DPSWG', ' ดอนพอก สว่างวีระวงษ์', 'ST005', '5300190035411'),
('DPUCM', 'มหาวิทยาลัยธุรกิจบัณฑิต', 'ST004', '3330100374745'),
('DSBAI', 'ดอนสบาย', 'ST010', '3330100374745'),
('HUAPA', 'หัวป่า', 'ST010', '3330100374745'),
('JPKYI', ' ชุมชนเจ้าพ่อเขาใหญ่', 'ST010', '3330100374745'),
('KATOK', 'โรงเรียนบ้านเขาตก', 'ST010', '3330100374745'),
('KBHPG', 'คำบง ห้วยผึ้ง', 'ST005', '5300190035411'),
('KCLRM', 'ซอยเคหะฉลองกรุง', 'ST004', '3330100374745'),
('KHTKM', 'เขาตะเกียบ', 'ST003', '3330100374745'),
('KMCPE', 'โคกม่วง ชุมแพ', 'ST005', '5300190035411'),
('KNCKM', ' ซอยเคหะหนองจอก', 'ST004', '3330100374745'),
('KNSRT', 'คำน้ำซับ สิรินทร', 'ST005', '5300190035411'),
('KPRNR', 'กกโพธิ์ริมน้ำสาน ร่องจิก', 'ST005', '5300190035411'),
('KPTKM', 'เขาพิทักษ์', 'ST003', '3330100374745'),
('LBGPL', 'สถานีตำรวจลาดบัวหลวง', 'ST010', '3330100374745'),
('LCPNM', 'ถนนฤชพันธ์', 'ST004', '3330100374745'),
('LGTKS', 'เลิมใต้ โกสุมพิสัย', 'ST005', '5300190035411'),
('LHEAY', 'ลำเหย', 'ST010', '3330100374745'),
('LKSAP', 'หลุมข้าวเกษมทรัพย์', 'ST005', '5300190035411'),
('MIYOH', 'มิโยชิไฮเทค', 'ST003', '3330100374745'),
('MTWLH', 'โรงแรมเมธาวลัย ชะอำ', 'ST010', '3330100374745'),
('NAKO', 'นาโคก', 'ST003', '3330100374745'),
('NGARK', 'จุดตรวจร่วมน้ำเกิ๊ก ', 'ST003', '3330100374745'),
('NGKAS', ' โรงเรียนบ้านหนองกา', 'ST010', '3330100374745'),
('NGPPM', 'หนองพลับ', 'ST003', '3330100374745'),
('NHGPS', 'นาห้าง โพธิ์ไทร', 'ST005', '5300190035411'),
('NJRBT', 'โนนเจริญ บุญฑริก', 'ST005', '5300190035411'),
('NPDNY', 'หนองโพด น้ำยืน', 'ST005', '5300190035411'),
('NREKR', 'โนนนารี เขมราฐ', 'ST005', '5300190035411'),
('NTALK', 'นาตาล กันทรลักษณ์', 'ST005', '5300190035411'),
('ONGJU ', ' โรงเรียนวัดถ้ำองค์จุ ', 'ST010', '3330100374745'),
('PARAW', 'พาราวินสัน', 'ST010', '3330100374745'),
('PKKU', 'ปลายคลองครุ', 'ST003', '3330100374745'),
('PN3R9', 'กองพันทหารราบที่3กรมทหารราบที่9', 'ST010', '3330100374745'),
('PRAIP', 'สถานีส่งน้ำปราณบุรี', 'ST010', '3330100374745'),
('PS36M', 'ซอยเพชรเกษม 36', 'ST004', '3330100374745'),
('PSPTR', 'โพนสูง ปทุมรัตน์', 'ST005', '5300190035411'),
('PTCBM', 'หมู่บ้านพุทธชาด-บางบัวทอง', 'ST004', '3330100374745'),
('PWSIY', 'ผึ้งหวานไทรโยครีสอร์ท', 'ST010', '3330100374745'),
('RAKLM', 'อาคารอธิการบดี ลาดกระบัง', 'ST004', '3330100374745'),
('RIKAO', 'ไร่เก่า', 'ST010', '3330100374745'),
('RUYDM', 'ซอยรวมญาติ', 'ST004', '3330100374745'),
('SHSWP', 'ส้มโฮ่ง สุวรรณภูมิ', 'ST005', '5300190035411'),
('SIM2M', 'มหาวิทยาลัยสยาม อาคาร12', 'ST004', '3330100374745'),
('sitecode11', 'sitename111', 'ST001', '1560290001645'),
('sitecode22', '9999999', 'ST002', '3102002372342'),
('SJHJO', 'ศาลเจ้าฮุดโจ้ว', 'ST010', '3330100374745'),
('SKI2', 'นิคมสมุทรสาคร 2', 'ST003', '3330100374745'),
('SKM1', 'สมุทรสงคราม 1', 'ST003', '3330100374745'),
('SMERC', 'คอนโดซัมเมอร์', 'ST010', '3330100374745'),
('SMK3M', 'สามโคก 3', 'ST004', '3330100374745'),
('SPRN', 'สามพราน', 'ST003', '3330100374745'),
('SRYTT', 'สถานีรถไฟสามร้อยยอด', 'ST010', '3330100374745'),
('ST25M', 'ซอยเทศบาลสำโรงใต้ 25', 'ST004', '3330100374745'),
('SVR3', 'หมู่บ้านสิวารัตน์', 'ST003', '3330100374745'),
('SWBBM', 'โรงเรียนสารสาสน์วิเทศ บางบอน', 'ST004', '3330100374745'),
('TBBHM', 'โรงพยาบาลส่งเสริมสุขภาพตำบลบางบ่อ', 'ST004', '3330100374745'),
('TNGSC', 'ท่างาม สามชัย', 'ST005', '5300190035411'),
('TNWNB ', ' ท่าน้ำวัดหนองบัว', 'ST010', '3330100374745'),
('TRKTM', 'ตลาดโรงเกลือท่าม่วง', 'ST010', '3330100374745'),
('TROPH', ' ทรอปิคอลฮิลล์', 'ST010', '3330100374745'),
('TSL30', 'ท่าล้อซอย30', 'ST010', '3330100374745'),
('WANDA', ' วันดาว', 'ST003', '3330100374745'),
('WATUM', 'วัดท่ากระทุ่ม', 'ST003', '3330100374745'),
('WCKWP', 'วังชัย เวียงคำกุมภวาปี', 'ST005', '5300190035411'),
('WCYPU', 'วัดชัยภูมิ', 'ST003', '3330100374745'),
('WDDS', 'สถานีอนามัยวัดดาวโด่ง', 'ST003', '3330100374745'),
('WNPIM', 'วัดหนองพิมาน', 'ST010', '3330100374745'),
('WPKBN', ' วัดปากบาง', 'ST010', '3330100374745'),
('WPWCN', 'วัดป้อมวิเชียรโชติฯ', 'ST003', '3330100374745'),
('WSDT', 'วัดเสด็จ', 'ST004', '3330100374745'),
('WSTST', 'วัดสุนทรสสถิต', 'ST003', '3330100374745'),
('WTAMI', 'วัดท่าไม้', 'ST010', '3330100374745'),
('XBMT', 'Xtreme Transport บางมด', 'ST004', '3330100374745'),
('XYPK', 'Xtreme Transport แยกปากเกร็ด', 'ST004', '3330100374745'),
('XYRK', 'Xtreme Transport แยกร่มเกล้า', 'ST004', '3330100374745'),
('YKPCM', 'แยกประจวบ', 'ST003', '3330100374745'),
('YYNYN', 'ยางหญ่ น้ำยืน', 'ST005', '5300190035411'),
('ฺBCLWS', 'โรงเรียนบ้านจันทร์ลาดวิทยา', 'ST010', '3330100374745');

-- --------------------------------------------------------

--
-- Table structure for table `sitetype`
--

CREATE TABLE `sitetype` (
  `SiteTypeID` varchar(10) NOT NULL,
  `SiteTypeName` varchar(50) NOT NULL
) ENGINE=InnoDB DEFAULT CHARSET=utf8;

--
-- Dumping data for table `sitetype`
--

INSERT INTO `sitetype` (`SiteTypeID`, `SiteTypeName`) VALUES
('ST001', 'CUT AC North'),
('ST002', 'New site North Zone'),
('ST003', 'New site Central'),
('ST004', 'New site BKK Zone'),
('ST005', 'New site North East Zone'),
('ST006', 'Replace Battery North'),
('ST007', 'Replace Battery North East'),
('ST008', 'Replace Rectifier North East'),
('ST009', 'UIH_อาคาร KSL'),
('ST010', 'VMS_Huawei'),
('ST011', 'AC ASSET Seperaiton Norht'),
('ST012', 'AC ASSET Seperation Norht East'),
('ST013', 'Survey North'),
('ST014', 'Survey North East'),
('ST015', 'CUT AC + New MDB North East'),
('ST016', 'งานชุมสาย AIS BPL'),
('ST017', 'งานชุมสาย TRUE'),
('ST018', 'งานชุมสาย UIH ชั้น 21'),
('ST019', 'UIH_Yannawa');

-- --------------------------------------------------------

--
-- Table structure for table `transfer`
--

CREATE TABLE `transfer` (
  `TransferID` varchar(10) NOT NULL,
  `DrawID` varchar(10) NOT NULL,
  `TransferDate` date NOT NULL,
  `Pay` varchar(15) NOT NULL,
  `Transfer` int(11) NOT NULL,
  `Fee` int(11) NOT NULL,
  `TransferNote` varchar(50) NOT NULL,
  `PartnersID` varchar(13) NOT NULL,
  `SiteTypeID` varchar(10) NOT NULL,
  `empID` varchar(13) NOT NULL
) ENGINE=InnoDB DEFAULT CHARSET=utf8;

--
-- Dumping data for table `transfer`
--

INSERT INTO `transfer` (`TransferID`, `DrawID`, `TransferDate`, `Pay`, `Transfer`, `Fee`, `TransferNote`, `PartnersID`, `SiteTypeID`, `empID`) VALUES
('TF00000001', 'DW003', '2558-02-10', '26/14', 0, 0, '', '', 'ST003', '3330100374745'),
('TF00000002', 'DW005', '2558-03-04', '1/15', 0, 0, '', '', 'ST003', '3330100374745'),
('TF00000003', 'DW006', '2558-02-26', '1/15', 0, 0, '', '', 'ST010', '3330100374745'),
('TF00000004', 'DW007', '2558-02-26', '1/15', 0, 0, '', '', 'ST010', '3330100374745'),
('TF00000005', 'DW160', '2558-03-31', '2/15', 0, 0, '', '', 'ST010', '3330100374745'),
('TF00000006', 'DW161', '2558-03-31', '2/15', 0, 0, '', '', 'ST010', '3330100374745'),
('TF00000007', 'DW162', '2558-03-31', '2/15', 0, 0, '', '', 'ST010', '3330100374745'),
('TF00000008', 'DW008', '2558-03-31', '3/15', 0, 0, '', '', '', ''),
('TF00000009', 'DW009', '2558-03-31', '4/15', 0, 0, '', '', '', ''),
('TF00000010', 'DW010', '2558-04-28', '5/15', 0, 0, '', '', '', ''),
('TF00000011', 'DW011', '2558-05-08', '6/15', 0, 0, '', '', '', ''),
('TF00000012', 'DW012', '2558-05-22', '8/15', 0, 0, '', '0105544005213', '', ''),
('TF00000013', 'DW013', '2558-05-22', '7/15', 0, 0, '', '', 'ST010', '3330100374745'),
('TF00000014', 'DW014', '2558-05-22', '7/15', 0, 0, '', '', 'ST010', '3330100374745'),
('TF00000015', 'DW015', '2558-05-22', '7/15', 0, 0, '', '', 'ST010', '3330100374745'),
('TF00000016', 'DW016', '2558-05-22', '7/15', 0, 0, '', '', 'ST003', '3330100374745'),
('TF00000017', 'DW017', '2558-06-22', '', 0, 0, '', '0105544005213', '', ''),
('TF00000018', 'DW018', '2558-06-03', '9/15', 0, 0, '', '', 'ST010', '3330100374745'),
('TF00000019', 'DW019', '2558-06-03', '9/15', 0, 0, '', '', 'ST010', '3330100374745'),
('TF00000020', 'DW020', '2558-06-03', '9/15', 0, 0, '', '', 'ST010', '3330100374745'),
('TF00000021', 'DW021', '2558-06-03', '9/15', 0, 0, '', '', 'ST010', '3330100374745'),
('TF00000022', 'DW022', '2558-06-03', '9/15', 0, 0, '', '', 'ST003', '3330100374745'),
('TF00000023', 'DW023', '2558-06-11', '10/15', 0, 0, '', '', 'ST010', '3330100374745'),
('TF00000024', 'DW024', '2558-06-11', '10/15', 0, 0, '', '', 'ST010', '3330100374745'),
('TF00000025', 'DW025', '2558-06-11', '10/15', 0, 0, '', '', 'ST003', '3330100374745'),
('TF00000026', 'DW026', '2558-06-10', '10/15', 0, 0, '', '', 'ST003', '3330100374745'),
('TF00000027', 'DW027', '2558-07-01', '11/15', 0, 0, '', '', 'ST004', '3330100374745'),
('TF00000028', 'DW028', '2558-07-01', '11/15', 0, 0, '', '', 'ST004', '3330100374745'),
('TF00000029', 'DW004', '2558-02-10', '26/14', 0, 0, '', '', 'ST003', '3330100374745'),
('TF00000030', 'DW029', '2558-07-01', '11/15', 0, 0, '', '', 'ST004', '3330100374745'),
('TF00000031', 'DW030', '2558-07-01', '11/15', 0, 0, '', '', 'ST004', '3330100374745'),
('TF00000032', 'DW031', '2558-07-01', '11/15', 0, 0, '', '', 'ST004', '3330100374745'),
('TF00000033', 'DW032', '2558-07-01', '11/15', 0, 0, '', '', 'ST004', '3330100374745'),
('TF00000034', 'DW033', '2558-07-13', '13/15', 0, 0, '', '', 'ST010', '3330100374745'),
('TF00000035', 'DW034', '2558-07-13', '13/15', 0, 0, '', '', 'ST010', '3330100374745'),
('TF00000036', 'DW035', '2558-07-13', '13/15', 0, 0, '', '', 'ST003', '3330100374745'),
('TF00000037', 'DW036', '2558-07-13', '13/15', 0, 0, '', '', 'ST003', '3330100374745'),
('TF00000038', 'DW037', '2558-07-13', '12/15', 0, 0, '', '', 'ST004', '3330100374745'),
('TF00000039', 'DW038', '2558-07-13', '12/15', 0, 0, '', '', 'ST004', '3330100374745'),
('TF00000040', 'DW039', '2558-07-13', '12/15', 0, 0, '', '', 'ST004', '3330100374745'),
('TF00000041', 'DW040', '2558-07-13', '12/15', 0, 0, '', '', 'ST004', '3330100374745'),
('TF00000042', 'DW041', '2558-07-13', '12/15', 0, 0, '', '', 'ST004', '3330100374745'),
('TF00000043', 'DW042', '2558-07-13', '12/15', 0, 0, '', '', 'ST004', '3330100374745'),
('TF00000044', 'DW043', '2558-07-13', '12/15', 0, 0, '', '', 'ST004', '3330100374745'),
('TF00000045', 'DW044', '2558-07-27', '14/15', 0, 0, '', '', 'ST010', '3330100374745'),
('TF00000046', 'DW045', '2558-07-27', '14/15', 0, 0, '', '', 'ST010', '3330100374745'),
('TF00000047', 'DW046', '2558-07-27', '14/15', 0, 0, '', '', 'ST010', '3330100374745'),
('TF00000048', 'DW047', '2558-07-27', '14/15', 0, 0, '', '', 'ST010', '3330100374745'),
('TF00000049', 'DW048', '2558-08-06', '15/15', 0, 0, '', '', '', ''),
('TF00000051', 'DW049', '2558-08-29', '16/15', 0, 0, '', '', 'ST010', '3330100374745'),
('TF00000052', 'DW050', '2558-08-29', '16/15', 0, 0, '', '', 'ST010', '3330100374745'),
('TF00000053', 'DW051', '2558-08-29', '16/15', 0, 0, '', '', 'ST004', '3330100374745'),
('TF00000054', 'DW052', '2558-08-29', '16/15', 0, 0, '', '', 'ST010', '3330100374745'),
('TF00000055', 'DW053', '2558-08-29', '16/15', 0, 0, '', '', 'ST010', '3330100374745'),
('TF00000056', 'DW054', '2558-08-29', '16/15', 0, 0, '', '', 'ST010', '3330100374745'),
('TF00000057', 'DW055', '2558-08-29', '16/15', 0, 0, '', '', 'ST010', '3330100374745'),
('TF00000058', 'DW056', '2558-08-29', '16/15', 0, 0, '', '', 'ST003', '3330100374745'),
('TF00000059', 'DW057', '2558-08-29', '16/15', 0, 0, '', '', 'ST003', '3330100374745'),
('TF00000060', 'DW058', '2558-08-29', '16/15', 0, 0, '', '', 'ST003', '3330100374745'),
('TF00000061', 'DW059', '2558-08-29', '16/15', 0, 0, '', '', 'ST003', '3330100374745'),
('TF00000062', 'DW060', '2558-08-29', '16/15', 0, 0, '', '', 'ST003', '3330100374745'),
('TF00000063', 'DW061', '2558-08-29', '16/15', 0, 0, '', '', 'ST003', '3330100374745'),
('TF00000064', 'DW062', '2558-08-29', '16/15', 0, 0, '', '', 'ST003', '3330100374745'),
('TF00000065', 'DW063', '2558-08-29', '16/15', 0, 0, '', '', 'ST003', '3330100374745'),
('TF00000066', 'DW064', '2558-08-29', '16/15', 0, 0, '', '', 'ST003', '3330100374745'),
('TF00000067', 'DW065', '2558-08-29', '16/15', 0, 0, '', '', 'ST004', '3330100374745'),
('TF00000068', 'DW066', '2558-08-29', '16/15', 0, 0, '', '', 'ST004', '3330100374745'),
('TF00000069', 'DW067', '2558-08-29', '16/15', 0, 0, '', '', 'ST004', '3330100374745'),
('TF00000070', 'DW068', '2558-09-16', '17/15', 0, 0, '', '', 'ST010', '3330100374745'),
('TF00000071', 'DW069', '2558-09-16', '17/15', 0, 0, '', '', 'ST010', '3330100374745'),
('TF00000072', 'DW070', '2558-09-16', '17/15', 0, 0, '', '', 'ST010', '3330100374745'),
('TF00000073', 'DW071', '2558-09-16', '17/15', 0, 0, '', '', 'ST010', '3330100374745'),
('TF00000074', 'DW072', '2558-09-16', '17/15', 0, 0, '', '', 'ST010', '3330100374745'),
('TF00000075', 'DW073', '2558-09-16', '17/15', 0, 0, '', '', 'ST010', '3330100374745'),
('TF00000076', 'DW074', '2558-09-16', '17/15', 0, 0, '', '', 'ST010', '3330100374745'),
('TF00000077', 'DW075', '2558-09-16', '17/15', 0, 0, '', '', 'ST010', '3330100374745'),
('TF00000078', 'DW076', '2558-09-16', '17/15', 0, 0, '', '', 'ST010', '3330100374745'),
('TF00000079', 'DW077', '2558-09-16', '17/15', 0, 0, '', '', 'ST010', '3330100374745'),
('TF00000080', 'DW078', '2558-09-16', '17/15', 0, 0, '', '', 'ST010', '3330100374745'),
('TF00000081', 'DW079', '2558-09-16', '17/15', 0, 0, '', '', 'ST010', '3330100374745'),
('TF00000082', 'DW080', '2558-09-16', '17/15', 0, 0, '', '', 'ST010', '3330100374745'),
('TF00000083', 'DW081', '2558-09-16', '17/15', 0, 0, '', '', 'ST010', '3330100374745'),
('TF00000084', 'DW082', '2558-09-16', '17/15', 0, 0, '', '', 'ST010', '3330100374745'),
('TF00000085', 'DW083', '2558-09-16', '17/15', 0, 0, '', '', 'ST004', '3330100374745'),
('TF00000086', 'DW084', '2558-09-16', '17/15', 0, 0, '', '', 'ST003', '3330100374745'),
('TF00000087', 'DW085', '2558-09-16', '17/15', 0, 0, '', '', 'ST003', '3330100374745'),
('TF00000088', 'DW086', '2558-09-17', '18/15', 0, 0, '', '', 'ST009', ''),
('TF00000089', 'DW087', '2558-09-17', '18/15', 0, 0, '', '', 'ST009', ''),
('TF00000090', 'DW088', '2558-09-17', '18/15', 0, 0, '', '', 'ST009', ''),
('TF00000091', 'DW089', '2558-09-29', '19/15', 0, 0, '', '', 'ST010', '3330100374745'),
('TF00000092', 'DW090', '2558-09-29', '19/15', 0, 0, '', '', 'ST010', '3330100374745'),
('TF00000093', 'DW091', '2558-09-29', '19/15', 0, 0, '', '', 'ST010', '3330100374745'),
('TF00000094', 'DW092', '2558-09-29', '19/15', 0, 0, '', '', 'ST003', '3330100374745'),
('TF00000095', 'DW093', '2558-09-29', '19/15', 0, 0, '', '', 'ST003', '3330100374745'),
('TF00000096', 'DW094', '2558-09-29', '19/15', 0, 0, '', '', 'ST003', '3330100374745'),
('TF00000097', 'DW095', '2558-09-29', '19/15', 0, 0, '', '', 'ST003', '3330100374745'),
('TF00000098', 'DW096', '2558-09-29', '19/15', 0, 0, '', '', 'ST003', '3330100374745'),
('TF00000099', 'DW097', '2558-09-29', '19/15', 0, 0, '', '', 'ST004', '3330100374745'),
('TF00000100', 'DW098', '2558-09-29', '19/15', 0, 0, '', '', 'ST004', '3330100374745'),
('TF00000101', 'DW099', '2558-10-13', '20/15', 0, 0, '', '0745553003320', 'ST009', ''),
('TF00000102', 'DW100', '2558-10-13', '20/15', 0, 0, '', '0745553003320', 'ST009', ''),
('TF00000103', 'DW101', '2558-10-19', '21/15', 0, 0, '', '', 'ST017', ''),
('TF00000104', 'DW102', '2558-10-30', '22/15', 0, 0, '', '', 'ST004', '3330100374745'),
('TF00000105', 'DW103', '2558-10-22', '22/15', 0, 0, '', '', 'ST003', '3330100374745'),
('TF00000106', 'DW104', '2558-10-30', '22/15', 0, 0, '', '', 'ST004', '3330100374745'),
('TF00000107', 'DW105', '2558-10-30', '23/15', 0, 0, '', '', 'ST009', ''),
('TF00000108', 'DW106', '2558-11-10', '24/15', 0, 0, '', '0745553003320', 'ST009', ''),
('TF00000109', 'DW107', '2558-11-10', '25/15', 0, 0, '', '', 'ST003', '3330100374745'),
('TF00000110', 'DW108', '2558-11-10', '25/15', 0, 0, '', '', 'ST003', '3330100374745'),
('TF00000111', 'DW109', '2558-11-10', '25/15', 0, 0, '', '', 'ST003', '3330100374745'),
('TF00000112', 'DW110', '2558-11-10', '25/15', 0, 0, '', '', 'ST003', '3330100374745'),
('TF00000113', 'DW111', '2558-11-10', '25/15', 0, 0, '', '', 'ST004', '3330100374745'),
('TF00000114', 'DW112', '2558-11-10', '26/15', 0, 0, '', '', 'ST018', ''),
('TF00000115', 'DW113', '2558-11-18', '27/15', 0, 0, '', '', 'ST017', ''),
('TF00000116', 'DW114', '2558-11-23', '28/15', 0, 0, '', '', 'ST016', ''),
('TF00000117', 'DW115', '2558-12-09', '29/15', 0, 0, '', '', 'ST010', '3330100374745'),
('TF00000118', 'DW116', '2558-12-09', '29/15', 0, 0, '', '', 'ST010', '3330100374745'),
('TF00000119', 'DW117', '2558-12-09', '29/15', 0, 0, '', '', 'ST010', '3330100374745'),
('TF00000120', 'DW118', '2558-12-09', '29/15', 0, 0, '', '', 'ST010', '3330100374745'),
('TF00000121', 'DW119', '2558-12-09', '29/15', 0, 0, '', '', 'ST010', '3330100374745'),
('TF00000122', 'DW120', '2558-12-09', '29/15', 0, 0, '', '', 'ST010', '3330100374745'),
('TF00000123', 'DW121', '2558-12-09', '29/15', 0, 0, '', '', 'ST010', '3330100374745'),
('TF00000124', 'DW122', '2558-12-09', '29/15', 0, 0, '', '', 'ST010', '3330100374745'),
('TF00000125', 'DW123', '2558-12-09', '29/15', 0, 0, '', '', 'ST010', '3330100374745'),
('TF00000126', 'DW124', '2558-12-09', '29/15', 0, 0, '', '', 'ST010', '3330100374745'),
('TF00000127', 'DW125', '2558-12-09', '29/15', 0, 0, '', '', 'ST010', '3330100374745'),
('TF00000128', 'DW126', '2558-12-09', '29/15', 0, 0, '', '', 'ST010', '3330100374745'),
('TF00000129', 'DW127', '2558-12-09', '29/15', 0, 0, '', '', 'ST010', '3330100374745'),
('TF00000130', 'DW128', '2558-12-09', '29/15', 0, 0, '', '', 'ST010', '3330100374745'),
('TF00000131', 'DW129', '2558-12-09', '29/15', 0, 0, '', '', 'ST010', '3330100374745'),
('TF00000132', 'DW130', '2558-12-09', '29/15', 0, 0, '', '', 'ST010', '3330100374745'),
('TF00000133', 'DW131', '2558-12-09', '29/15', 0, 0, '', '', 'ST004', '3330100374745'),
('TF00000134', 'DW132', '2558-12-09', '29/15', 0, 0, '', '', 'ST010', '3330100374745'),
('TF00000135', 'DW133', '2558-12-09', '29/15', 0, 0, '', '', 'ST010', '3330100374745'),
('TF00000136', 'DW134', '2558-12-09', '29/15', 0, 0, '', '', 'ST010', '3330100374745'),
('TF00000137', 'DW135', '2558-12-09', '29/15', 0, 0, '', '', 'ST010', '3330100374745'),
('TF00000138', 'DW136', '2558-12-09', '29/15', 0, 0, '', '', 'ST010', '3330100374745'),
('TF00000139', 'DW137', '2558-12-09', '29/15', 0, 0, '', '', 'ST010', '3330100374745'),
('TF00000140', 'DW138', '2558-12-09', '29/15', 0, 0, '', '', 'ST010', '3330100374745'),
('TF00000141', 'DW139', '2558-12-18', '30/15', 0, 0, '', '0735547002171', 'ST016', ''),
('TF00000142', 'DW140', '2558-12-18', '30/15', 0, 0, '', '0103540012710', 'ST016', ''),
('TF00000143', 'DW141', '2558-12-18', '30/15', 0, 0, '', '0103528023481', 'ST016', ''),
('TF00000144', 'DW142', '2558-12-26', '31/15', 0, 0, '', '', 'ST003', '3330100374745'),
('TF00000145', 'DW143', '2558-12-26', '31/15', 0, 0, '', '', 'ST003', '3330100374745'),
('TF00000146', 'DW144', '2558-12-26', '31/15', 0, 0, '', '', 'ST003', '3330100374745'),
('TF00000147', 'DW145', '2558-12-26', '31/15', 0, 0, '', '', 'ST003', '3330100374745'),
('TF00000148', 'DW146', '2558-12-26', '31/15', 0, 0, '', '', 'ST003', '3330100374745'),
('TF00000149', 'DW147', '2558-12-26', '31/15', 0, 0, '', '', 'ST004', '3330100374745'),
('TF00000150', 'DW148', '2558-12-26', '31/15', 0, 0, '', '', 'ST004', '3330100374745'),
('TF00000151', 'DW149', '2558-12-26', '31/15', 0, 0, '', '', 'ST004', '3330100374745'),
('TF00000152', 'DW150', '2558-12-26', '31/15', 0, 0, '', '', 'ST004', '3330100374745'),
('TF00000153', 'DW151', '2558-12-26', '31/15', 0, 0, '', '', 'ST004', '3330100374745'),
('TF00000154', 'DW152', '2558-12-26', '31/15', 0, 0, '', '', 'ST004', '3330100374745'),
('TF00000155', 'DW153', '2559-01-11', '1/16', 0, 0, '', '', 'ST016', ''),
('TF00000156', 'DW154', '2559-01-18', '2/16', 0, 0, '', '', 'ST019', ''),
('TF00000157', 'DW155', '2559-01-18', '3/16', 0, 0, '', '', 'ST019', ''),
('TF00000158', 'DW156', '2559-01-26', '4/16', 0, 0, '', '', 'ST017', ''),
('TF00000159', 'DW157', '2559-02-16', '5/16', 0, 0, '', '', 'ST019', ''),
('TF00000160', 'DW158', '2559-02-23', '6/16', 0, 0, '', '0745553003320', 'ST016', ''),
('TF00000161', 'DW159', '2559-02-23', '6/16', 0, 0, '', '0103528023481', 'ST016', '');

--
-- Indexes for dumped tables
--

--
-- Indexes for table `agent`
--
ALTER TABLE `agent`
  ADD PRIMARY KEY (`AgentID`);

--
-- Indexes for table `drawmoney`
--
ALTER TABLE `drawmoney`
  ADD PRIMARY KEY (`DrawID`);

--
-- Indexes for table `employee`
--
ALTER TABLE `employee`
  ADD PRIMARY KEY (`EmID`);

--
-- Indexes for table `expenses`
--
ALTER TABLE `expenses`
  ADD PRIMARY KEY (`ExpensesID`);

--
-- Indexes for table `invoice`
--
ALTER TABLE `invoice`
  ADD PRIMARY KEY (`InvoiceID`);

--
-- Indexes for table `oder`
--
ALTER TABLE `oder`
  ADD PRIMARY KEY (`OderID`);

--
-- Indexes for table `partners`
--
ALTER TABLE `partners`
  ADD PRIMARY KEY (`PartnersID`);

--
-- Indexes for table `po`
--
ALTER TABLE `po`
  ADD PRIMARY KEY (`poID`);

--
-- Indexes for table `site`
--
ALTER TABLE `site`
  ADD PRIMARY KEY (`SiteCode`);

--
-- Indexes for table `sitetype`
--
ALTER TABLE `sitetype`
  ADD PRIMARY KEY (`SiteTypeID`);

--
-- Indexes for table `transfer`
--
ALTER TABLE `transfer`
  ADD PRIMARY KEY (`TransferID`);

/*!40101 SET CHARACTER_SET_CLIENT=@OLD_CHARACTER_SET_CLIENT */;
/*!40101 SET CHARACTER_SET_RESULTS=@OLD_CHARACTER_SET_RESULTS */;
/*!40101 SET COLLATION_CONNECTION=@OLD_COLLATION_CONNECTION */;
